MasterNLC,MasterASC,UniqueStationName,Easting,Northing,Latitude,Longitude
750,ABRd,Abbey Road,539071,183417,51.533,0.004
5131,ABWr,Abbey Wood,547309,179035,51.491,0.12
1404,ACCr,Acton Central,520656,180295,51.509,-0.263
3000,AMLr,Acton Main Line,520278,181205,51.517,-0.268
500,ACTu,Acton Town,519481,179599,51.503,-0.28
9441,ADVt,Addington Village,537067,163747,51.356,-0.033
9440,ADSt,Addiscombe,534186,166304,51.38,-0.073
5132,AYPr,Albany Park,547871,172853,51.435,0.126
502,ALDu,Aldgate,533623,181235,51.514,-0.076
503,ALEu,Aldgate East,533957,181397,51.516,-0.071
6025,AAPr,Alexandra Palace,530281,190456,51.598,-0.12
850,ALSd,All Saints,537985,180942,51.511,-0.013
505,ALPu,Alperton,517986,183803,51.541,-0.3
506,AMEu,Amersham,496395,198175,51.674,-0.607
9442,AMPt,Ampere Way,530670,166483,51.382,-0.124
5397,ANYr,Anerley,534625,169949,51.413,-0.066
507,ANGu,Angel,531464,183148,51.532,-0.106
508,ARCu,Archway,529365,186821,51.565,-0.135
9443,ARNt,Arena,535196,167629,51.392,-0.058
509,AGRu,Arnos Grove,529339,192492,51.616,-0.133
510,ARLu,Arsenal,531292,186086,51.558,-0.107
9444,AVRt,Avenue Road,535759,169335,51.407,-0.05
511,BSTu,Baker Street,527978,182018,51.523,-0.157
512,BALu,Balham LU,528469,173214,51.443,-0.153
5399,BALr,Balham NR,528569,173158,51.443,-0.151
513,BNKu,Bank and Monument,532707,181115,51.513,-0.089
5348,BADr,Banstead,524508,160446,51.329,-0.214
501,BARu,Barbican,532012,181850,51.52,-0.099
514,BKGu,Barking,544298,184423,51.54,0.079
1335,BGVr,Barking Riverside,546912,182212,51.52,0.116
515,BDEu,Barkingside,544798,189507,51.586,0.089
5089,BNHr,Barnehurst,550115,176217,51.465,0.16
5551,BNSr,Barnes,522269,175668,51.467,-0.241
5580,BNIr,Barnes Bridge,521460,176231,51.472,-0.253
516,BCTu,Barons Court,524117,178326,51.49,-0.214
5420,BAKr,Battersea Park,528693,177078,51.478,-0.148
832,BPSu,Battersea Power Station,529132,177322,51.48,0.142
6006,BAYr,Bayford,531528,208295,51.758,-0.096
517,BAYu,Bayswater,525811,180817,51.512,-0.188
3047,BCFr,Beaconsfield,493998,191151,51.611,-0.644
5076,BECr,Beckenham Hill,538061,171342,51.424,-0.016
5046,BKJr,Beckenham Junction,537344,169824,51.411,-0.027
9445,BCJt,Beckenham Junction Trams,537344,169824,51.411,-0.027
9446,BCRt,Beckenham Road,536193,169662,51.41,-0.043
895,BECd,Beckton,543134,181508,51.514,0.061
891,BEPd,Beckton Park,542710,180867,51.509,0.055
518,BECu,Becontree,547571,184522,51.54,0.127
9449,BDLt,Beddington Lane,529317,167238,51.389,-0.143
9450,BGWt,Belgrave Walk,526828,168440,51.401,-0.178
5062,BGMr,Bellingham,537777,172304,51.433,-0.019
5350,BLMr,Belmont,525550,162074,51.344,-0.199
519,BPKu,Belsize Park,527354,185087,51.55,-0.165
5092,BVDr,Belvedere,549526,179215,51.492,0.152
787,BERu,Bermondsey,534461,179416,51.498,-0.064
5581,BRSr,Berrylands,519686,168066,51.399,-0.281
6961,BETr,Bethnal Green LO,534713,182337,51.524,-0.06
520,BNGu,Bethnal Green LU,535046,182741,51.527,-0.055
5093,BXYr,Bexley,549383,173437,51.44,0.148
5094,BXHr,Bexleyheath,548325,175989,51.463,0.134
5063,BKLr,Bickley,542307,168764,51.4,0.044
5401,BIKr,Birkbeck,535294,168957,51.404,-0.056
9454,BKBt,Birkbeck Trams,535331,168984,51.404,-0.056
521,BLFu,Blackfriars LU,531684,180888,51.512,-0.104
5112,BFRr,Blackfriars NR,531731,180722,51.51,-0.103
5095,BKHr,Blackheath,539643,176006,51.466,0.009
9459,BHLt,Blackhorse Lane,534383,166872,51.385,-0.07
522,BHRu,Blackhorse Road,535771,189357,51.587,-0.042
882,BLAd,Blackwall,538397,180661,51.508,-0.007
524,BDSu,Bond Street,528538,181110,51.514,-0.149
525,BORu,Borough,532433,179739,51.501,-0.093
526,BOSu,Boston Manor,516355,178716,51.495,-0.325
527,BGRu,Bounds Green,529945,191503,51.607,-0.125
3018,BNEr,Bourne End,489434,187237,51.577,-0.711
851,BOCd,Bow Church,537384,182843,51.528,-0.021
528,BWRu,Bow Road,537119,182731,51.527,-0.025
6027,BOPr,Bowes Park,530251,191490,51.607,-0.12
529,BTXu,Brent Cross,523860,187950,51.577,-0.214
1516,BCZr,Brent Cross West,522986,187026,51.569,-0.227
5552,BFDr,Brentford,517462,177873,51.488,-0.31
6872,BREr,Brentwood,559306,193058,51.614,0.299
6810,BMDr,Brimsdown,536314,197034,51.656,-0.031
778,BRXu,Brixton LU,531064,175431,51.463,-0.115
5081,BRXr,Brixton NR,531160,175455,51.463,-0.113
5404,BCYr,Brockley,536419,175787,51.465,-0.038
5096,BMNr,Bromley North,540383,169641,51.408,0.017
5064,BMSr,Bromley South,540444,168713,51.4,0.018
530,BBBu,Bromley-by-Bow,537990,182507,51.525,-0.012
1437,BSYr,Brondesbury,524732,184437,51.545,-0.203
1438,BSPr,Brondesbury Park,524205,183915,51.54,-0.21
6074,BPKr,Brookmans Park,523988,204051,51.721,-0.206
6812,BXBr,Broxbourne,537432,207221,51.747,-0.011
6958,BCVr,Bruce Grove,533783,190082,51.594,-0.07
531,BHLu,Buckhurst Hill,541777,193887,51.626,0.047
3176,BNMr,Burnham,493995,181353,51.523,-0.647
532,BURu,Burnt Oak,520324,190757,51.603,-0.264
6913,BHKr,Bush Hill Park,533684,195429,51.642,-0.069
1395,BSHr,Bushey,511827,195329,51.646,-0.385
534,CRDu,Caledonian Road,530566,184965,51.548,-0.118
1439,CIRr,Caledonian Road & Barnsbury,530806,184408,51.543,-0.115
6962,CBHr,Cambridge Heath,534835,183270,51.532,-0.057
1440,CMDr,Camden Road,529119,184200,51.542,-0.14
535,CTNu,Camden Town,528905,183915,51.539,-0.143
788,CWRu,Canada Water,535467,179468,51.498,-0.05
842,CAWd,Canary Wharf DLR,537448,180320,51.505,-0.021
6560,CWXr,Canary Wharf EL,537677,180434,51.506,-0.018
852,CWFu,Canary Wharf LU,537616,180146,51.504,-0.019
884,CNTu,Canning Town,539453,181363,51.514,0.008
536,CSTu,Cannon Street LU,532615,180890,51.511,-0.09
5142,CSTr,Cannon Street NR,532600,180810,51.511,-0.091
1441,CNNr,Canonbury,532320,185015,51.549,-0.093
537,CPKu,Canons Park,518183,191285,51.608,-0.295
1442,CPKr,Carpenders Park,511849,193356,51.628,-0.386
5405,CSHr,Carshalton,527738,164875,51.369,-0.166
5406,CSBr,Carshalton Beeches,527563,163604,51.357,-0.169
3098,CBPr,Castle Bar Park,515857,181754,51.523,-0.331
5351,CATr,Caterham,534114,155427,51.282,-0.078
5077,CTFr,Catford,537271,173567,51.444,-0.026
5047,CFBr,Catford Bridge,537356,173583,51.445,-0.025
9488,TWRt,Centrale,532074,165796,51.376,-0.104
6874,CTHr,Chadwell Heath,547598,187595,51.568,0.128
7447,CFHr,Chafford Hundred,558921,178775,51.486,0.287
539,CLFu,Chalfont & Latimer,499616,197568,51.668,-0.561
540,CHFu,Chalk Farm,528144,184418,51.544,-0.153
541,CYLu,Chancery Lane,531069,181598,51.518,-0.112
718,CHXu,Charing Cross LU,530125,180446,51.508,-0.126
5143,CHXr,Charing Cross NR,530284,180425,51.508,-0.124
5144,CTNr,Charlton,541141,178389,51.487,0.031
5352,CHEr,Cheam,524422,163356,51.356,-0.215
5098,CLDr,Chelsfield,546897,164058,51.357,0.108
543,CHMu,Chesham,496076,201646,51.705,-0.611
6814,CHNr,Cheshunt,536654,202288,51.703,-0.024
5582,CSNr,Chessington North,518398,164139,51.364,-0.301
5554,CSSr,Chessington South,517904,163322,51.357,-0.308
544,CHGu,Chigwell,543804,193020,51.618,0.076
6914,CHIr,Chingford,539162,194535,51.632,0.009
5353,CHPr,Chipstead,527694,158284,51.309,-0.169
5099,CITr,Chislehurst,543232,169357,51.405,0.058
5583,CHKr,Chiswick,520356,177221,51.481,-0.268
545,CHPu,Chiswick Park,520342,178713,51.495,-0.268
546,CWDu,Chorleywood,502598,196081,51.654,-0.518
9460,CSTt,Church Street,532049,165550,51.374,-0.104
5121,CTKr,City Thameslink,531690,181306,51.515,-0.104
547,CPCu,Clapham Common,529494,175323,51.462,-0.137
5301,CLPr,Clapham High Street,529834,175711,51.465,-0.132
5595,CLJr,Clapham Junction,527184,175530,51.464,-0.171
548,CPNu,Clapham North,530002,175675,51.465,-0.13
549,CPSu,Clapham South,528808,174270,51.453,-0.148
6926,CPTr,Clapton,534795,186542,51.562,-0.057
5048,CLKr,Clock House,536386,169561,51.409,-0.04
550,CFSu,Cockfosters,528186,196353,51.651,-0.149
551,COLu,Colindale,521319,189957,51.595,-0.25
552,CLWu,Colliers Wood,526801,170381,51.418,-0.178
3019,COOr,Cookham,488688,185057,51.557,-0.722
9464,COOt,Coombe Lane,535163,164091,51.36,-0.06
5408,CDSr,Coulsdon South,529865,159056,51.316,-0.138
5382,CDNr,Coulsdon Town,530066,159752,51.322,-0.135
553,COVu,Covent Garden,530257,181019,51.513,-0.124
5100,CRYr,Crayford,551471,174385,51.448,0.178
6007,CWHr,Crews Hill,530944,200139,51.685,-0.107
1519,CRIr,Cricklewood,524023,185930,51.559,-0.212
5078,CFTr,Crofton Park,536511,174742,51.455,-0.037
854,CROd,Crossharbour,537930,179309,51.496,-0.014
7406,CRHr,Crouch Hill,530622,187535,51.572,-0.117
554,CRXu,Croxley,507956,195460,51.648,-0.441
5356,CYPr,Crystal Palace,534215,170503,51.418,-0.071
6008,CUFr,Cuffley,530698,202847,51.709,-0.11
887,CUHd,Custom House DLR,540688,180912,51.51,0.026
6561,CUSr,Custom House EL,540688,180912,51.51,0.026
879,CUSd,Cutty Sark,538233,177745,51.482,-0.011
893,CYPd,Cyprus,543337,180852,51.508,0.064
7440,DDKr,Dagenham Dock,549003,182974,51.526,0.147
555,DGEu,Dagenham East,550223,185012,51.544,0.165
556,DGHu,Dagenham Heathway,548892,184699,51.542,0.146
1443,DLJr,Dalston Junction,533584,184688,51.545,-0.075
1429,DLKr,Dalston Kingsland,533481,185009,51.548,-0.076
5101,DFDr,Dartford,554305,174383,51.447,0.219
557,DEBu,Debden,544261,196109,51.645,0.084
3052,DNMr,Denham,504210,187714,51.579,-0.498
3060,DGCr,Denham Golf Club,502767,187900,51.581,-0.518
5421,DMKr,Denmark Hill,532794,176072,51.468,-0.09
5145,DEPr,Deptford,537134,177404,51.479,-0.027
897,DEBd,Deptford Bridge,537443,176877,51.474,-0.022
867,DERd,Devons Road,537654,182232,51.522,-0.017
558,DHLu,Dollis Hill,522191,185144,51.552,-0.239
3099,DRGr,Drayton Green,515964,181045,51.516,-0.33
6000,DYPr,Drayton Park,531426,185502,51.553,-0.106
9468,DDRt,Dundonald Road,524721,170269,51.418,-0.208
560,EBYu,Ealing Broadway,518031,180931,51.515,-0.3
561,ECMu,Ealing Common,518894,180365,51.51,-0.288
562,ECTu,Earl's Court,525485,178509,51.492,-0.194
5584,EADr,Earlsfield,526051,173048,51.442,-0.188
5414,ELDr,Earlswood,527815,149204,51.228,-0.171
563,EACu,East Acton,521651,181279,51.517,-0.248
5355,ECRr,East Croydon,532843,165814,51.376,-0.093
9470,ECRt,East Croydon Trams,532846,165705,51.375,-0.093
5358,EDWr,East Dulwich,533453,175368,51.462,-0.08
565,EFYu,East Finchley,527238,189188,51.587,-0.165
566,EHMu,East Ham,542448,184274,51.539,0.053
883,EAId,East India,538740,180831,51.509,-0.002
567,EPYu,East Putney,524371,174810,51.459,-0.211
564,ETEu,Eastcote,511175,187631,51.577,-0.397
5056,EDNr,Eden Park,537419,167530,51.39,-0.026
568,EDGu,Edgware,519539,191947,51.614,-0.275
774,ERBu,Edgware Road (Bak),527043,181758,51.52,-0.17
569,ERDu,Edgware Road (DIS),527303,181742,51.52,-0.167
6941,EDRr,Edmonton Green,534304,193560,51.625,-0.061
570,ELEu,Elephant & Castle LU,531954,179037,51.495,-0.101
5246,EPHr,Elephant & Castle NR,531954,179037,51.495,-0.101
571,EPKu,Elm Park,552457,185698,51.55,0.197
5049,ELEr,Elmers End,535772,168358,51.398,-0.05
9471,ELMt,Elmers End Trams,535783,168395,51.398,-0.05
5135,ESDr,Elmstead Woods,542278,170625,51.417,0.045
1542,ELSr,Elstree & Borehamwood,519121,196239,51.652,-0.28
5103,ELWr,Eltham,542686,174954,51.456,0.052
898,ELRd,Elverson Road,537890,176261,51.469,-0.016
542,EMBu,Embankment,530415,180369,51.507,-0.122
7473,EMPr,Emerson Park,553977,187866,51.569,0.22
6010,ENCr,Enfield Chase,532170,196597,51.653,-0.091
6815,ENLr,Enfield Lock,536424,198741,51.671,-0.029
6959,ENFr,Enfield Town,533015,196517,51.652,-0.079
572,EPPu,Epping,546208,201546,51.694,0.114
5360,EPSr,Epsom,520646,160894,51.334,-0.27
5361,EPDr,Epsom Downs,522814,159786,51.324,-0.239
5104,ERHr,Erith,551140,178090,51.482,0.175
6004,EXRr,Essex Road,532118,184132,51.541,-0.096
574,EUSu,Euston LU,529548,182692,51.528,-0.134
1444,EUSr,Euston NR,529520,182749,51.529,-0.134
575,ESQu,Euston Square,529438,182400,51.526,-0.136
5415,EWEr,Ewell East,522586,162158,51.345,-0.241
5586,EWWr,Ewell West,521470,162667,51.35,-0.257
576,FLPu,Fairlop,544940,190638,51.596,0.091
5137,FCNr,Falconwood,544571,175390,51.459,0.08
577,FARu,Farringdon,531589,181836,51.52,-0.105
5559,FELr,Feltham,510569,173293,51.448,-0.41
7490,FSTr,Fenchurch Street,533513,180908,51.511,-0.077
9472,FLWt,Fieldway,537689,163174,51.351,-0.024
578,FYCu,Finchley Central,525295,190658,51.601,-0.192
579,FRDu,Finchley Road,526248,184717,51.547,-0.181
1445,FNYr,Finchley Road & Frognal,526068,185046,51.55,-0.183
580,FPKu,Finsbury Park,531347,186805,51.565,-0.106
6876,FOGr,Forest Gate,540384,185313,51.549,0.023
5362,FOHr,Forest Hill,535415,172936,51.439,-0.053
581,FBYu,Fulham Broadway,525483,177315,51.481,-0.194
5587,FLWr,Fulwell,514815,171819,51.434,-0.35
3144,FZPr,Furze Platt,488298,182349,51.533,-0.728
894,GARd,Gallions Reach,543874,180927,51.509,0.072
582,GHLu,Gants Hill,543212,188433,51.577,0.065
5416,GTWr,Gatwick Airport,528701,141326,51.157,-0.161
9473,GSTt,George Street,532419,165586,51.374,-0.099
3051,GERr,Gerrards Cross,500200,188763,51.589,-0.555
6877,GDPr,Gidea Park,552925,189268,51.582,0.206
5363,GIPr,Gipsy Hill,533268,171262,51.425,-0.085
583,GRDu,Gloucester Road,526181,178849,51.495,-0.184
584,GGRu,Golders Green,525255,187482,51.572,-0.194
585,GHRu,Goldhawk Road,523190,179582,51.502,-0.227
586,GSTu,Goodge Street,529536,181836,51.521,-0.134
6878,GMYr,Goodmayes,546488,187321,51.566,0.112
6028,GDHr,Gordon Hill,531886,197763,51.663,-0.095
1409,GPOr,Gospel Oak,528244,185686,51.555,-0.152
587,GRHu,Grange Hill,544980,192552,51.613,0.093
6029,GPKr,Grange Park,531777,195551,51.643,-0.097
9474,GVHt,Gravel Hill,536373,163540,51.355,-0.043
7443,GRYr,Grays,561343,177823,51.476,0.322
588,GPSu,Great Portland Street,528879,182177,51.524,-0.144
590,GPKu,Green Park,528982,180267,51.507,-0.143
589,GFDu,Greenford,514844,183892,51.542,-0.345
928,GREd,Greenwich,537918,177329,51.478,-0.015
5139,GRPr,Grove Park,540701,172107,51.431,0.023
591,GUNu,Gunnersbury,519819,178346,51.491,-0.276
5364,HCBr,Hackbridge,528596,165948,51.378,-0.154
6977,HKCr,Hackney Central,534841,184922,51.547,-0.057
6867,HACr,Hackney Downs,534571,185075,51.549,-0.061
6978,HKWr,Hackney Wick,537105,184575,51.543,-0.024
6075,HDWr,Hadley Wood,526224,198225,51.669,-0.176
1022,HGGr,Haggerston,533575,183935,51.539,-0.075
592,HAIu,Hainault,545071,191462,51.603,0.093
593,HMDu,Hammersmith (DIS),523443,178518,51.492,-0.223
773,HMSu,Hammersmith (H&C),523325,178669,51.494,-0.225
594,HMPu,Hampstead,526379,185762,51.557,-0.178
1413,HDHr,Hampstead Heath,527289,185634,51.555,-0.165
5560,HMPr,Hampton,513298,169800,51.416,-0.372
5561,HMCr,Hampton Court,515393,168302,51.402,-0.343
5589,HMWr,Hampton Wick,517460,169744,51.415,-0.312
595,HLNu,Hanger Lane,518460,182646,51.53,-0.294
3191,HANr,Hanwell,515382,180507,51.512,-0.339
596,HARu,Harlesden,520928,183377,51.536,-0.258
6879,HROr,Harold Wood,554765,190581,51.593,0.233
1543,HPDr,Harpenden,513589,214250,51.815,-0.354
6012,HGYr,Harringay,531385,188203,51.577,-0.105
7401,HRYr,Harringay Green Lanes,531905,188203,51.577,-0.098
9475,HRDt,Harrington Road,535018,168521,51.4,-0.06
597,HAWu,Harrow & Wealdstone,515444,189465,51.592,-0.335
598,HOHu,Harrow-on-the-Hill,515353,188022,51.579,-0.337
1398,HTEr,Hatch End,513052,191343,51.61,-0.369
6070,HATr,Hatfield,523088,208751,51.764,-0.218
779,HTXu,Hatton Cross,509572,175352,51.467,-0.424
5289,HYRr,Haydons Road,526017,171155,51.425,-0.189
3186,HAYr,Hayes & Harlington,509828,179409,51.503,-0.419
5050,HYSr,Hayes (Kent),540031,166059,51.376,0.011
1434,HDLr,Headstone Lane,513889,190580,51.603,-0.357
7091,HAFr,Heathrow Terminal 4 EL,508061,174491,51.459,-0.446
781,HRFu,Heathrow Terminal 4 LU,508098,174460,51.459,-0.445
9846,HWVr,Heathrow Terminal 5 EL,505132,175891,51.472,-0.488
783,HRVu,Heathrow Terminal 5 LU,505131,175923,51.473,-0.488
780,HRCu,Heathrow Terminals 123 LU,507582,175844,51.471,-0.452
7090,HXXr,Heathrow Terminals 2 & 3 EL,507453,175906,51.472,-0.454
1522,HENr,Hendon,522125,188286,51.58,-0.239
601,HNDu,Hendon Central,522971,188661,51.583,-0.227
3146,HOTr,Henley-on-Thames,476378,182288,51.534,-0.9
5066,HNHr,Herne Hill,531955,174428,51.453,-0.102
855,HEQd,Heron Quays,537413,180079,51.503,-0.022
6818,HFEr,Hertford East,533000,212929,51.799,-0.073
6085,HFNr,Hertford North,531650,212903,51.799,-0.092
602,HBTu,High Barnet,525050,196167,51.65,-0.194
605,HSTu,High Street Kensington,525585,179478,51.5,-0.192
3054,HWYr,High Wycombe,486957,193033,51.629,-0.745
6919,HIPr,Highams Park,538584,191927,51.609,0
603,HBYu,Highbury & Islington,531592,184757,51.546,-0.104
604,HIGu,Highgate,528579,188164,51.578,-0.146
606,HDNu,Hillingdon,507528,184995,51.554,-0.45
5107,HGRr,Hither Green,539033,174391,51.451,0
607,HOLu,Holborn,530538,181474,51.517,-0.12
608,HPKu,Holland Park,524636,180222,51.507,-0.206
609,HRDu,Holloway Road,530925,185463,51.553,-0.113
6979,HMNr,Homerton,535798,184946,51.547,-0.043
5418,HPAr,Honor Oak Park,535918,174149,51.45,-0.045
5365,HORr,Horley,528672,142668,51.169,-0.161
610,HCHu,Hornchurch,553876,186219,51.554,0.218
6015,HRNr,Hornsey,530921,189185,51.586,-0.112
5563,HOUr,Hounslow,513908,174953,51.462,-0.362
611,HNCu,Hounslow Central,513572,175970,51.471,-0.366
612,HNEu,Hounslow East,514248,176196,51.473,-0.356
613,HNWu,Hounslow West,512206,176193,51.474,-0.386
1023,HOXr,Hoxton,533564,183130,51.531,-0.076
614,HPCu,Hyde Park Corner,528201,179814,51.503,-0.154
615,ICKu,Ickenham,508072,185893,51.562,-0.442
6881,IFDr,Ilford,543517,186479,51.559,0.069
9586,IMWr,Imperial Wharf,526292,176692,51.475,-0.183
856,ISGd,Island Gardens,538228,178444,51.488,-0.01
5592,ISLr,Isleworth,515609,176415,51.475,-0.337
3170,IVRr,Iver,503723,179908,51.509,-0.507
5419,KLYr,Kenley,532426,160120,51.325,-0.101
616,KENu,Kennington,531605,178294,51.488,-0.106
617,KGNu,Kensal Green,523259,182794,51.531,-0.224
1448,KNRr,Kensal Rise,523550,183231,51.534,-0.22
618,OLYu,Kensington (Olympia),524387,179130,51.497,-0.209
5080,KTHr,Kent House,536081,169928,51.412,-0.045
619,KTNu,Kentish Town,529140,185118,51.55,-0.139
1449,KTWr,Kentish Town West,528606,184718,51.547,-0.147
620,KETu,Kenton,516734,188305,51.582,-0.317
5593,KWBr,Kew Bridge,519012,178119,51.49,-0.287
621,KEWu,Kew Gardens,519201,176747,51.477,-0.285
5108,KDBr,Kidbrooke,540944,175626,51.462,0.027
622,KILu,Kilburn,524540,184648,51.547,-0.205
1415,KBNr,Kilburn High Road,525539,183643,51.538,-0.191
623,KPKu,Kilburn Park,525333,183341,51.535,-0.194
523,KGVd,King George V,543241,180135,51.502,0.062
9476,KHDt,King Henry's Drive,537980,162559,51.345,-0.02
6121,KGXr,King's Cross,530239,183129,51.532,-0.124
625,KXXu,King's Cross St. Pancras,530223,182928,51.53,-0.124
624,KBYu,Kingsbury,519355,188677,51.584,-0.279
5565,KNGr,Kingston,518185,169567,51.413,-0.302
5366,KNDr,Kingswood,524831,156586,51.295,-0.211
626,KNBu,Knightsbridge,527753,179694,51.502,-0.161
5109,KCKr,Knockholt,548499,162898,51.346,0.131
627,LGRu,Ladbroke Grove,524221,181332,51.517,-0.211
5057,LADr,Ladywell,537720,174866,51.456,-0.019
628,LAMu,Lambeth North,531124,179455,51.499,-0.112
629,LANu,Lancaster Gate,526733,180792,51.512,-0.175
853,LAPd,Langdon Park,537894,181463,51.515,-0.014
3171,LNYr,Langley,501293,179777,51.508,-0.542
630,LATu,Latimer Road,523768,180900,51.513,-0.218
6927,LEBr,Lea Bridge,536143,187153,51.567,-0.037
9477,LEBt,Lebanon Road,533402,165758,51.375,-0.085
5110,LEEr,Lee,540080,174224,51.45,0.014
631,LSQu,Leicester Square,529985,180831,51.511,-0.128
940,LEWd,Lewisham DLR,538123,175874,51.465,-0.013
5051,LEWr,Lewisham NR,538052,175944,51.466,-0.014
632,LEYu,Leyton,538391,186100,51.557,-0.005
7402,LEMr,Leyton Midland Road,538222,187498,51.569,-0.007
633,LYSu,Leytonstone,539308,187459,51.569,0.009
7403,LERr,Leytonstone High Road,539319,186873,51.564,0.009
862,LIMd,Limehouse DLR,536144,181091,51.512,-0.039
7491,LHSr,Limehouse NR,536172,181150,51.513,-0.039
634,LSTu,Liverpool Street LU,533151,181605,51.518,-0.082
6965,LSTr,Liverpool Street NR,533192,181646,51.518,-0.082
9478,LPKt,Lloyd Park,533723,164542,51.364,-0.081
635,LONu,London Bridge LU,532944,180192,51.505,-0.086
5148,LBGr,London Bridge NR,532944,180192,51.505,-0.086
533,LCAd,London City Airport,542269,180284,51.504,0.048
6966,LOFr,London Fields,534788,184256,51.541,-0.058
5082,LGJr,Loughborough Junction,531926,175843,51.466,-0.102
636,LTNu,Loughton,542317,195602,51.641,0.055
5053,LSYr,Lower Sydenham,536831,171341,51.425,-0.033
3645,LTNr,Luton Airport Parkway,510515,220579,51.873,-0.396
637,MDVu,Maida Vale,525943,182769,51.53,-0.186
3147,MAIr,Maidenhead,488724,180705,51.518,-0.723
5599,MALr,Malden Manor,521092,166510,51.385,-0.261
638,MNRu,Manor House,532026,187433,51.57,-0.096
6883,MNPr,Manor Park,541883,185683,51.552,0.045
639,MANu,Mansion House,532276,180938,51.512,-0.095
640,MARu,Marble Arch,527899,180998,51.513,-0.158
3021,MLWr,Marlow,485560,186527,51.571,-0.767
6970,MYLr,Maryland,539191,184924,51.546,0.006
641,MYBu,Marylebone LU,527510,181967,51.522,-0.163
1475,MYBr,Marylebone NR,527511,182193,51.524,-0.163
5149,MZHr,Maze Hill,539218,177865,51.483,0.004
6599,MRWr,Meridian Water,535110,191934,51.61,-0.05
5475,MHMr,Merstham,529166,153293,51.264,-0.15
9479,MPKt,Merton Park,525196,169826,51.414,-0.201
642,MLEu,Mile End,536524,182547,51.525,-0.033
1527,MILr,Mill Hill Broadway,521347,191876,51.613,-0.249
643,MHEu,Mill Hill East,524040,191455,51.608,-0.21
9480,MTMt,Mitcham,527325,168087,51.398,-0.171
5069,MTCr,Mitcham Eastfields,528430,169212,51.407,-0.155
5427,MIJr,Mitcham Junction,528269,167600,51.393,-0.158
9481,MTJt,Mitcham Junction Trams,528294,167571,51.393,-0.157
646,MPKu,Moor Park,508616,193493,51.63,-0.432
645,MGTu,Moorgate,532685,181656,51.518,-0.089
647,MORu,Morden,525669,168627,51.403,-0.195
9482,MRDt,Morden Road,525794,169308,51.409,-0.193
5291,MDSr,Morden South,525377,167832,51.396,-0.199
648,MCRu,Mornington Crescent,529239,183327,51.534,-0.138
5600,MTLr,Mortlake,520477,175768,51.468,-0.267
5645,MOTr,Motspur Park,522571,167674,51.395,-0.24
5118,MTGr,Mottingham,542573,173244,51.44,0.05
857,MUDd,Mudchute,537910,178821,51.492,-0.015
649,NEAu,Neasden,521372,185389,51.554,-0.251
9484,NADt,New Addington,538182,162264,51.343,-0.017
6018,NBAr,New Barnet,526505,196024,51.649,-0.173
5058,NBCr,New Beckenham,536724,170489,51.417,-0.035
5150,NWXr,New Cross,536726,177103,51.476,-0.033
5345,NXGr,New Cross Gate,536203,176940,51.475,-0.04
5119,NEHr,New Eltham,544039,173036,51.438,0.071
5567,NEMr,New Malden,521423,168658,51.404,-0.256
6019,NSGr,New Southgate,528671,192208,51.614,-0.143
650,NEPu,Newbury Park,544924,188362,51.576,0.09
831,NIEu,Nine Elms,530025,177336,51.48,0.129
5568,NBTr,Norbiton,519430,169539,51.412,-0.284
5428,NRBr,Norbury,530719,169712,51.411,-0.122
653,NACu,North Acton,520855,181944,51.523,-0.259
5429,NDLr,North Dulwich,532922,174533,51.454,-0.088
654,NELu,North Ealing,518833,181229,51.517,-0.289
789,NOGu,North Greenwich,539218,179864,51.501,0.004
656,NHRu,North Harrow,513501,188636,51.585,-0.363
5601,NSHr,North Sheen,519119,175431,51.465,-0.287
659,NWBu,North Wembley,517668,186199,51.562,-0.304
655,NFDu,Northfields,517198,179207,51.5,-0.313
657,NHTu,Northolt,513152,184545,51.548,-0.37
1478,NLTr,Northolt Park,513840,185568,51.558,-0.359
6971,NUMr,Northumberland Park,534874,191027,51.602,-0.054
660,NWPu,Northwick Park,516669,187966,51.578,-0.318
661,NWDu,Northwood,509246,191395,51.611,-0.424
662,NWHu,Northwood Hills,510328,190234,51.6,-0.408
5376,NWDr,Norwood Jn,534036,168218,51.397,-0.075
663,NHGu,Notting Hill Gate,525278,180431,51.509,-0.196
5068,NHDr,Nunhead,535383,176006,51.467,-0.052
6020,OKLr,Oakleigh Park,526995,194808,51.638,-0.166
664,OAKu,Oakwood,529391,195935,51.647,-0.131
7451,OCKr,Ockendon,558986,182791,51.522,0.29
665,OLDu,Old Street,532765,182479,51.526,-0.088
5122,ORPr,Orpington,545478,165909,51.374,0.089
667,OSTu,Osterley,514522,177096,51.481,-0.352
668,OVLu,Oval,531171,177565,51.482,-0.112
669,OXCu,Oxford Circus,529090,181222,51.515,-0.141
8204,PADx,Paddington HEx,526540,181380,,
3087,PADr,Paddington NR,526553,181391,51.517,-0.177
670,PADu,Paddington TfL,526740,181236,51.516,-0.175
6021,PALr,Palmers Green,530911,192751,51.618,-0.11
671,PRYu,Park Royal,519144,182231,51.526,-0.284
672,PGRu,Parsons Green,525026,176681,51.475,-0.201
5423,PMRr,Peckham Rye,534159,176306,51.47,-0.07
5072,PNEr,Penge East,535401,170718,51.419,-0.054
5378,PNWr,Penge West,534950,170506,51.418,-0.061
673,PERu,Perivale,516437,183288,51.536,-0.323
5123,PETr,Petts Wood,544446,167551,51.389,0.075
9485,PHLt,Phipps Bridge,526547,168710,51.403,-0.182
674,PICu,Piccadilly Circus,529554,180637,51.51,-0.135
776,PIMu,Pimlico,529681,178345,51.489,-0.134
675,PINu,Pinner,512273,189443,51.593,-0.381
676,PLWu,Plaistow,539982,183288,51.531,0.017
5208,PLUr,Plumstead,544783,178817,51.49,0.084
6819,PONr,Ponders End,536079,195623,51.643,-0.035
538,PDKd,Pontoon Dock,541219,180106,51.502,0.033
858,POPd,Poplar,537708,180615,51.508,-0.017
6022,PBRr,Potters Bar,525028,201381,51.697,-0.192
677,PRDu,Preston Road,518202,187310,51.572,-0.296
888,PRRd,Prince Regent,541192,180909,51.509,0.033
859,PMLd,Pudding Mill Lane,537871,183522,51.534,-0.014
7453,PFLr,Purfleet,555418,178161,51.481,0.237
5379,PURr,Purley,531478,161510,51.337,-0.114
5430,PUOr,Purley Oaks,532510,162599,51.347,-0.099
5603,PUTr,Putney,523987,175083,51.461,-0.217
678,PUTu,Putney Bridge,524513,175891,51.468,-0.209
680,QPKu,Queen's Park,524565,183189,51.534,-0.205
5424,QRPr,Queens Road Peckham,535018,176757,51.474,-0.057
679,QBYu,Queensbury,518812,189762,51.594,-0.286
5596,QRBr,Queenstown Road (Battersea),528836,176768,51.475,-0.146
681,QWYu,Queensway,525895,180620,51.51,-0.187
1546,RDTr,Radlett,516442,199856,51.685,-0.317
7454,RNMr,Rainham (Essex),552094,182030,51.517,0.191
5083,RVBr,Ravensbourne,538650,170249,51.414,-0.008
682,RCPu,Ravenscourt Park,522570,178718,51.494,-0.236
683,RAYu,Rayners Lane,512951,187517,51.575,-0.371
5569,RAYr,Raynes Park,523163,169256,51.409,-0.231
3149,RDGr,Reading,471495,173858,51.459,-0.972
6967,RECr,Rectory Road,534000,186184,51.559,-0.068
684,REDu,Redbridge,541834,188366,51.576,0.045
5478,RDHr,Redhill,528151,150584,51.24,-0.166
5431,RHMr,Reedham,530835,160786,51.331,-0.123
9486,RVCt,Reeves Corner,531905,165674,51.375,-0.106
685,RPKu,Regent's Park,528676,182151,51.524,-0.147
686,RMDu,Richmond,518164,175173,51.463,-0.3
687,RKYu,Rickmansworth,505737,194590,51.64,-0.473
5432,RDDr,Riddlesdown,532482,161030,51.333,-0.1
688,RODu,Roding Valley,541593,192895,51.617,0.044
6886,RMFr,Romford,551378,188500,51.575,0.183
1039,ROEr,Rotherhithe,535315,179781,51.501,-0.052
890,ROAd,Royal Albert,542078,180813,51.508,0.046
690,ROYu,Royal Oak,525858,181568,51.519,-0.187
886,ROVd,Royal Victoria,540113,180838,51.509,0.018
691,RUIu,Ruislip,509505,187017,51.571,-0.421
692,RUGu,Ruislip Gardens,510285,185836,51.561,-0.41
693,RUMu,Ruislip Manor,510161,187254,51.573,-0.412
694,RSQu,Russell Square,530230,182112,51.523,-0.124
6820,RYHr,Rye House,538481,209756,51.769,0.006
5380,SAFr,Salfords,528487,146335,51.202,-0.162
5433,SNRr,Sanderstead,532872,162760,51.348,-0.093
9487,SANt,Sandilands,533889,165743,51.375,-0.078
3061,SRGr,Seer Green & Jordans,496514,191019,51.61,-0.608
5434,SRSr,Selhurst,533080,167641,51.392,-0.089
6893,SVKr,Seven Kings,545440,187086,51.564,0.097
698,SVSu,Seven Sisters,533478,188824,51.582,-0.075
860,SHAd,Shadwell DLR,535031,180994,51.512,-0.056
1082,SDEr,Shadwell LO,534936,180936,51.511,-0.057
6888,SNFr,Shenfield,561343,195007,51.631,0.33
700,SBCu,Shepherd's Bush LU,523755,179885,51.504,-0.218
775,SBMu,Shepherd's Bush Market,523198,180062,51.506,-0.226
9587,SPBr,Shepherd's Bush NR,523797,179976,51.505,-0.218
3150,SHIr,Shiplake,477627,179746,51.511,-0.883
1024,SDCr,Shoreditch High Street,533642,182239,51.523,-0.075
5084,SRTr,Shortlands,539356,169333,51.406,0.002
5125,SIDr,Sidcup,546309,172656,51.434,0.103
6972,SLVr,Silver Street,533928,192452,51.615,-0.067
5154,SGRr,Slade Green,552236,176575,51.468,0.19
702,SSQu,Sloane Square,528105,178647,51.492,-0.156
3172,SLOr,Slough,497859,180179,51.512,-0.591
703,SNBu,Snaresbrook,540165,188840,51.581,0.022
1452,SATr,South Acton,520188,179284,51.5,-0.27
5425,SBMr,South Bermondsey,535176,178350,51.488,-0.054
5410,SCYr,South Croydon,532843,164374,51.363,-0.093
704,SELu,South Ealing,517562,179349,51.501,-0.308
3138,SGNr,South Greenford,515484,182909,51.533,-0.336
1451,SOHr,South Hampstead,526399,184069,51.541,-0.179
707,SHRu,South Harrow,514311,186372,51.565,-0.352
708,SKNu,South Kensington,526926,178816,51.494,-0.173
709,SKTu,South Kenton,517320,187078,51.57,-0.309
5292,SMOr,South Merton,524916,168683,51.403,-0.206
861,SOQd,South Quay,537792,179765,51.5,-0.016
710,SRPu,South Ruislip,511083,185448,51.557,-0.399
7404,STOr,South Tottenham,533702,188603,51.58,-0.072
711,SWMu,South Wimbledon,525782,170011,51.415,-0.193
712,SWFu,South Woodford,540541,190050,51.592,0.027
3187,STLr,Southall,512713,179817,51.506,-0.377
6947,SBUr,Southbury,534825,196137,51.648,-0.053
705,SFSu,Southfields,524727,173390,51.446,-0.207
706,SGTu,Southgate,529674,194272,51.632,-0.128
784,SWKu,Southwark,531617,180054,51.504,-0.105
1548,SACr,St Albans City,515389,207051,51.75,-0.33
5290,SIHr,St Helier,525424,167150,51.39,-0.199
6973,SJSr,St James Street,536443,188755,51.581,-0.032
695,SJPu,St James's Park,529580,179465,51.499,-0.135
5059,SAJr,St Johns,537473,176313,51.469,-0.022
696,SJWu,St John's Wood,526731,183407,51.535,-0.174
5604,SMGr,St Margaret's (Greater London),516809,174246,51.455,-0.32
6821,SMTr,St Margarets (Hertfordshire),538118,211816,51.788,0.001
5073,SMYr,St Mary Cray,546631,168290,51.395,0.106
1555,STPr,St Pancras International,530025,183105,51.532,-0.127
697,STPu,St Paul's,532023,181324,51.515,-0.099
713,STBu,Stamford Brook,521867,178795,51.495,-0.246
6968,SMHr,Stamford Hill,533382,187926,51.574,-0.077
714,STAu,Stanmore,517609,192479,51.619,-0.303
889,STLd,Star Lane,539149,182084,51.521,0.004
715,STGu,Stepney Green,535613,182118,51.522,-0.047
716,STKu,Stockwell,530497,176476,51.472,-0.122
6934,SKWr,Stoke Newington,533685,186892,51.565,-0.073
717,SPKu,Stonebridge Park,519632,184209,51.544,-0.276
5606,SNLr,Stoneleigh,522040,164142,51.363,-0.248
719,SFDu,Stratford,538548,184377,51.541,-0.004
749,SHSd,Stratford High Street,538797,183978,51.538,0
504,STId,Stratford International DLR,538132,184857,51.546,-0.009
7222,SFAr,Stratford International NR,538177,184757,51.545,-0.009
5607,STWr,Strawberry Hill,515523,172438,51.439,-0.339
5383,STEr,Streatham,529997,171303,51.426,-0.132
5384,SRCr,Streatham Common,529716,170487,51.419,-0.136
5435,SRHr,Streatham Hill,530243,172695,51.438,-0.128
1483,SUDr,Sudbury & Harrow Road,516845,185284,51.554,-0.316
720,SHLu,Sudbury Hill,515438,185533,51.557,-0.336
1484,SDHr,Sudbury Hill Harrow,515438,185717,51.559,-0.336
721,STNu,Sudbury Town,516884,184884,51.551,-0.316
5155,SUPr,Sundridge Park,540672,170246,51.414,0.021
5571,SURr,Surbiton,518097,167295,51.392,-0.304
1083,SQEr,Surrey Quays,535620,178971,51.493,-0.048
5385,SUOr,Sutton (Surrey),526056,163843,51.36,-0.191
5436,SUCr,Sutton Common,525655,165579,51.375,-0.196
5075,SAYr,Swanley,550965,168262,51.393,0.168
723,SWCu,Swiss Cottage,526654,184337,51.544,-0.175
5437,SYDr,Sydenham,535350,171566,51.427,-0.055
5085,SYHr,Sydenham Hill,533553,172149,51.433,-0.08
5609,SYLr,Syon Lane,516429,177200,51.482,-0.325
5386,TADr,Tadworth,523108,156177,51.291,-0.236
3151,TAPr,Taplow,491563,181326,51.523,-0.682
5387,TATr,Tattenham Corner,522621,158079,51.309,-0.242
5572,TEDr,Teddington,516028,170814,51.424,-0.333
724,TEMu,Temple,530953,180801,51.511,-0.114
5610,THDr,Thames Ditton,515660,166866,51.389,-0.339
6949,TEOr,Theobalds Grove,535875,201074,51.692,-0.036
9491,TPLt,Therapia Lane,530285,166844,51.386,-0.129
725,THBu,Theydon Bois,545541,199095,51.672,0.103
5388,TTHr,Thornton Heath,532235,168368,51.399,-0.101
5573,TOLr,Tolworth,519846,165607,51.377,-0.279
5389,TOOr,Tooting,527956,170583,51.42,-0.161
726,TBEu,Tooting Bec,528019,172341,51.436,-0.16
727,TBYu,Tooting Broadway,527440,171452,51.428,-0.168
728,TCRu,Tottenham Court Road,529771,181359,51.516,-0.131
729,TTHu,Tottenham Hale LU,534500,189479,51.588,-0.06
6951,TOMr,Tottenham Hale NR,534500,189479,51.588,-0.06
730,TOTu,Totteridge & Whetstone,526122,194004,51.631,-0.179
864,TOGd,Tower Gateway,533756,180836,51.511,-0.074
731,THLu,Tower Hill,533568,180744,51.51,-0.077
733,TPKu,Tufnell Park,529149,185855,51.557,-0.138
5390,TUHr,Tulse Hill,531802,172911,51.44,-0.105
6952,TURr,Turkey Street,535132,198912,51.673,-0.047
734,TGRu,Turnham Green,521255,178798,51.495,-0.255
735,TPLu,Turnpike Lane,531529,189627,51.59,-0.103
5574,TWIr,Twickenham,516187,173691,51.45,-0.329
3155,TWYr,Twyford,479039,175763,51.475,-0.863
736,UPMu,Upminster,556214,186855,51.559,0.252
737,UPBu,Upminster Bridge,555016,186742,51.558,0.235
738,UPYu,Upney,545712,184241,51.538,0.1
1524,UHLr,Upper Holloway,529741,186612,51.563,-0.13
5391,UWLr,Upper Warlingham,534076,158358,51.309,-0.078
739,UPKu,Upton Park,541170,183761,51.535,0.034
740,UXBu,Uxbridge,505669,184183,51.547,-0.478
777,VUXu,Vauxhall LU,530294,178007,51.486,-0.125
5597,VXHr,Vauxhall NR,530441,177992,51.486,-0.123
741,VICu,Victoria LU,528994,179126,51.496,-0.143
5426,VICr,Victoria NR,528900,178942,51.495,-0.145
5392,WDOr,Waddon,531153,164819,51.367,-0.117
9497,WDMt,Waddon Marsh,531093,165897,51.377,-0.118
5394,WLTr,Wallington,528860,163975,51.36,-0.151
6823,WLCr,Waltham Cross,536530,200339,51.685,-0.026
742,WALu,Walthamstow Central,537283,188972,51.583,-0.02
7407,WMWr,Walthamstow Queen's Road,537026,188813,51.582,-0.024
9498,WPKt,Wandle Park,531414,165514,51.373,-0.113
5395,WSWr,Wandsworth Common,527721,173503,51.446,-0.164
5372,WWRr,Wandsworth Road,529397,176198,51.47,-0.138
5576,WNTr,Wandsworth Town,525961,175111,51.461,-0.188
743,WANu,Wanstead,540674,188258,51.576,0.029
7408,WNPr,Wanstead Park,540546,185596,51.552,0.026
1085,WPEr,Wapping,535019,180180,51.504,-0.056
6824,WARr,Ware,535945,213998,51.808,-0.03
3158,WGVr,Wargrave,478084,178329,51.499,-0.877
745,WSTu,Warren Street,529235,182287,51.525,-0.139
746,WARu,Warwick Avenue,526134,182016,51.523,-0.183
5158,WAEr,Waterloo East,531376,180055,51.504,-0.109
747,WLOu,Waterloo LU,531000,179916,51.503,-0.114
5598,WATr,Waterloo NR,531083,179900,51.503,-0.113
748,WATu,Watford,509504,196542,51.657,-0.418
1455,WFHr,Watford High Street,511306,196050,51.652,-0.392
1402,WFJr,Watford Junction,511027,197347,51.664,-0.396
6073,WMGr,Welham Green,523588,205651,51.736,-0.212
9499,WLRt,Wellesley Road,532504,165780,51.376,-0.098
5128,WLIr,Welling,546086,176078,51.465,0.102
6183,WGCr,Welwyn Garden City,523949,212882,51.801,-0.204
751,WEMu,Wembley Central,518206,185096,51.552,-0.296
752,WPKu,Wembley Park,519316,186374,51.564,-0.28
1509,WCXr,Wembley Stadium,518997,185322,51.554,-0.285
753,WACu,West Acton,519409,181338,51.518,-0.28
755,WBTu,West Brompton,525408,177991,51.487,-0.195
5411,WCYr,West Croydon NR,532187,166126,51.379,-0.102
8776,WCRt,West Croydon Trams,532215,166154,51.379,-0.102
3174,WDTr,West Drayton,506175,180088,51.51,-0.471
5086,WDUr,West Dulwich,532767,173009,51.441,-0.091
3188,WEAr,West Ealing,516611,180727,51.513,-0.321
756,WFYu,West Finchley,525547,191621,51.609,-0.188
757,WHMu,West Ham,539151,182925,51.528,0.005
1421,WHDr,West Hampstead LO,525463,184705,51.547,-0.192
758,WHDu,West Hampstead LU,525606,184655,51.547,-0.19
1525,WHPr,West Hampstead NR,525439,184830,51.548,-0.192
759,WHRu,West Harrow,514215,188032,51.58,-0.353
866,WIQd,West India Quay,537478,180503,51.507,-0.02
760,WKNu,West Kensington,524653,178383,51.491,-0.206
5438,WNWr,West Norwood,531932,171996,51.432,-0.104
762,WRPu,West Ruislip,508421,186783,51.57,-0.437
559,WSId,West Silvertown,540461,180155,51.503,0.022
5293,WSUr,West Sutton,525092,164552,51.366,-0.204
5054,WWIr,West Wickham,538270,166573,51.381,-0.015
754,WBPu,Westbourne Park,524884,181756,51.521,-0.201
5151,WCBr,Westcombe Park,540279,178073,51.484,0.019
865,WESd,Westferry,537037,180789,51.509,-0.027
761,WMSu,Westminster,530245,179713,51.501,-0.125
764,WCTu,White City,523324,180718,51.512,-0.224
6956,WHLr,White Hart Lane,533700,191289,51.605,-0.071
763,WCLu,Whitechapel,534650,181856,51.52,-0.061
5611,WTNr,Whitton,514213,173558,51.449,-0.358
5396,WHYr,Whyteleafe,533850,158504,51.31,-0.081
5439,WHSr,Whyteleafe South,534132,157825,51.304,-0.077
765,WLGu,Willesden Green,523363,184882,51.549,-0.222
766,WJNu,Willesden Junction,521933,182938,51.532,-0.244
767,WIMu,Wimbledon,524884,170757,51.422,-0.205
5612,WBOr,Wimbledon Chase,524268,169391,51.41,-0.215
768,WMPu,Wimbledon Park,525285,172100,51.434,-0.199
8777,WMBt,Wimbledon Trams,524861,170661,51.421,-0.206
6024,WIHr,Winchmore Hill,531525,194489,51.634,-0.101
3175,WNCr,Windsor & Eton Central,496577,176951,51.483,-0.611
770,WGNu,Wood Green,531021,190422,51.597,-0.11
599,WDLu,Wood Lane,523354,180497,51.51,-0.224
6954,WSTr,Wood Street,538539,189468,51.587,-0.002
769,WFDu,Woodford,540950,191734,51.607,0.034
7467,WGRr,Woodgrange Park,541871,185341,51.549,0.045
5441,WMEr,Woodmansterne,528735,159376,51.319,-0.154
8779,WDSt,Woodside,534717,167113,51.387,-0.065
771,WSPu,Woodside Park,525714,192573,51.618,-0.186
573,WOAd,Woolwich Arsenal,543761,178802,51.49,0.069
5153,WWDr,Woolwich Dockyard,542768,178906,51.491,0.055
6562,WWCr,Woolwich EL,543850,179029,51.492,0.071
5579,WCPr,Worcester Park,522232,166169,51.381,-0.245
5550,ASNr,Addlestone,505539,164911,51.373,-0.485
5623,AHTr,Aldershot,486667,150415,51.246,-0.76
6869,ALNr,Althorne,590505,197918,51.648,0.752
5544,AONr,Alton,472343,139686,51.152,-0.967
6909,AGRr,Angel Road,,,,
1430,APSr,Apsley,506268,204832,51.732,-0.463
5666,ACTr,Ascot,492134,168290,51.406,-0.677
5641,ASHr,Ash,489932,150844,51.25,-0.713
5547,AHVr,Ash Vale,489296,153385,51.273,-0.721
5667,AFSr,Ashford (Surrey),506494,171920,51.436,-0.469
5347,AHDr,Ashtead,518025,158989,51.318,-0.308
5398,AHSr,Ashurst,550721,138773,51.128,0.153
6083,AWMr,Ashwell & Morden,529750,238593,52.031,-0.11
1380,APGr,Aspley Guise,493954,236753,52.021,-0.632
7017,AUDr,Audley End,551595,236305,52.004,0.207
1492,AYSr,Aylesbury,481834,213418,51.813,-0.814
1090,AVPr,Aylesbury Vale Parkway,478696,215286,51.831,-0.859
5162,AYLr,Aylesford,571969,158715,51.302,0.465
5681,BAGr,Bagshot,491404,163644,51.365,-0.688
5492,BABr,Balcombe,530649,130160,51.056,-0.137
6084,BDKr,Baldock,524583,234283,51.993,-0.187
5133,BMGr,Barming,572979,156876,51.285,0.479
7494,BSOr,Basildon,570370,188339,51.568,0.457
5090,BBLr,Bat & Ball,553088,156837,51.29,0.194
6870,BLBr,Battlesbridge,577699,194919,51.625,0.566
1512,BDMr,Bedford,504171,249682,52.136,-0.479
1510,BSJr,Bedford St Johns,504992,248998,52.129,-0.468
5227,BEGr,Beltring,567997,147796,51.205,0.403
7439,BEFr,Benfleet,577685,185939,51.544,0.561
5624,BTYr,Bentley,479185,143047,51.181,-0.869
1390,BKMr,Berkhamsted,499268,208191,51.764,-0.563
5472,BTOr,Betchworth,521001,151291,51.248,-0.268
6871,BICr,Billericay,567425,195009,51.629,0.418
6800,BISr,Bishop's Stortford,549201,220874,51.866,0.166
5625,BAWr,Blackwater,485296,159902,51.332,-0.777
1360,BLYr,Bletchley,486857,233752,51.995,-0.736
5626,BKAr,Bookham,512777,155643,51.289,-0.384
5130,BRGr,Borough Green & Wrotham,560839,157412,51.293,0.305
1381,BWBr,Bow Brickhill,489578,234770,52.004,-0.696
5403,BXWr,Box Hill & Westhumble,516737,151848,51.254,-0.329
5693,BCEr,Bracknell,486886,168953,51.413,-0.752
1560,BWOr,Bricket Wood,513482,202037,51.706,-0.359
5268,BTNr,Brighton,531018,105014,50.83,-0.141
5687,BKOr,Brookwood,495220,156945,51.304,-0.635
5483,BUGr,Burgess Hill,531594,118715,50.953,-0.128
6873,BUUr,Burnham-on-Crouch,594786,196481,51.633,0.813
5324,BXDr,Buxted,549693,123365,50.99,0.132
5689,BFNr,Byfleet & New Haw,505891,162286,51.35,-0.481
5682,CAMr,Camberley,487578,160438,51.336,-0.744
7022,CBGr,Cambridge,546252,257418,52.196,0.138
8001,CMBr,Cambridge North,547531,260670,52.224,0.158
7469,CHWr,Chalkwell,585185,185569,51.539,0.669
5199,CTMr,Chatham,575477,167641,51.381,0.52
1372,CEDr,Cheddington,492239,218596,51.858,-0.662
6836,CHMr,Chelmsford,570578,207102,51.737,0.469
5553,CHYr,Chertsey,503800,166408,51.387,-0.51
5296,CHLr,Chilworth,503159,147251,51.215,-0.524
5555,CLAr,Clandon,504515,152714,51.264,-0.503
5556,CLGr,Claygate,515081,163861,51.362,-0.348
5557,CSDr,Cobham & Stoke D'Abernon,512325,158871,51.318,-0.39
5409,CWNr,Cowden,547661,141692,51.155,0.11
5325,COHr,Crowborough,553451,129701,51.046,0.188
5628,CRNr,Crowthorne,482294,163709,51.366,-0.819
5201,CUXr,Cuxton,571460,166756,51.374,0.462
5668,DATr,Datchet,498742,176955,51.483,-0.579
5357,DKGr,Dorking,517107,150414,51.241,-0.324
5412,DPDr,Dorking (Deepdene),517102,150183,51.239,-0.324
5297,DKTr,Dorking West,516067,149869,51.236,-0.339
5413,DMSr,Dormans,539670,141550,51.156,-0.004
5102,DNGr,Dunton Green,551471,157502,51.297,0.171
5694,EARr,Earley,475336,171890,51.441,-0.917
5234,EFLr,East Farleigh,573423,153600,51.255,0.484
5486,EGRr,East Grinstead,538788,138188,51.126,-0.018
5134,EMLr,East Malling,570243,156891,51.286,0.44
7471,ETLr,East Tilbury,567620,178921,51.484,0.413
1544,EBFr,Ebbsfleet International,561350,174150,51.443,0.32
5473,EBRr,Edenbridge,544048,147490,51.208,0.061
5359,EBTr,Edenbridge Town,544524,146588,51.2,0.067
5642,EFFr,Effingham Junction,510103,155621,51.289,-0.422
5669,EGHr,Egham,501176,171065,51.43,-0.546
6832,ESMr,Elsenham,553372,226992,51.92,0.229
5459,ERIr,Eridge,554213,134544,51.089,0.201
5558,ESHr,Esher,514657,165837,51.38,-0.354
5065,EYNr,Eynsford,553543,164839,51.362,0.204
5521,FNBr,Farnborough (Main),486832,156033,51.297,-0.756
5688,FNNr,Farnborough North,487718,156680,51.302,-0.743
5545,FNHr,Farnham,484434,146525,51.212,-0.793
5105,FNRr,Farningham Road,555652,169326,51.402,0.236
1377,FENr,Fenny Stratford,488170,234284,52,-0.717
1532,FLTr,Flitwick,503435,234943,52.003,-0.495
7029,FXNr,Foxton,540917,248770,52.119,0.057
5683,FMLr,Frimley,487426,157704,51.312,-0.747
1559,GSNr,Garston,511969,199900,51.687,-0.382
5169,GLMr,Gillingham (Kent),577588,168393,51.387,0.551
5474,GDNr,Godstone,536204,148353,51.218,-0.051
5298,GOMr,Gomshall,508840,147808,51.219,-0.443
5172,GRVr,Gravesend,564547,174024,51.441,0.366
7032,GRCr,Great Chesterford,550475,242420,52.06,0.193
1463,GMNr,Great Missenden,489306,201271,51.703,-0.709
5138,GNHr,Greenhithe,558497,174857,51.451,0.28
5631,GLDr,Guildford,499121,149703,51.238,-0.582
5173,HAIr,Halling,570358,164298,51.352,0.445
1533,HLNr,Harlington,503480,230286,51.961,-0.495
6804,HWMr,Harlow Mill,547148,212346,51.79,0.132
6827,HWNr,Harlow Town,544657,211272,51.781,0.096
5489,HSKr,Hassocks,530422,115547,50.925,-0.146
6845,HAPr,Hatfield Peverel,578927,212235,51.78,0.592
5490,HHEr,Haywards Heath,533037,124566,51.005,-0.105
1391,HMLr,Hemel Hempstead,504306,205905,51.742,-0.491
5590,HERr,Hersham,512233,165448,51.377,-0.389
5417,HEVr,Hever,546504,144550,51.181,0.095
5235,HIBr,High Brooms,559385,141354,51.149,0.277
5202,HGMr,Higham,571560,172628,51.427,0.466
5236,HLBr,Hildenborough,555688,148515,51.215,0.228
5591,HYWr,Hinchley Wood,515593,165311,51.375,-0.341
6086,HITr,Hitchin,519471,229712,51.953,-0.263
6880,HOCr,Hockley,584192,192787,51.604,0.658
5562,HSYr,Horsley,509247,154566,51.28,-0.435
5273,HOVr,Hove,528880,105586,50.835,-0.171
1563,HWWr,How Wood,514431,203363,51.717,-0.345
5463,HURr,Hurst Green,539968,151395,51.245,0.004
6882,INTr,Ingatestone,564995,199169,51.667,0.384
1384,KMHr,Kempston Hardwick,502592,244800,52.092,-0.504
5678,KMPr,Kempton Park,510716,170327,51.421,-0.409
5079,KMSr,Kemsing,556765,157746,51.297,0.247
1392,KGLr,King's Langley,508035,201989,51.706,-0.438
6088,KBWr,Knebworth,524925,220267,51.867,-0.187
7445,LAIr,Laindon,568144,188187,51.567,0.425
1534,LEAr,Leagrave,506140,224110,51.905,-0.459
5368,LHDr,Leatherhead,516310,156861,51.299,-0.333
5294,LIHr,Leigh (Kent),554638,146183,51.194,0.212
7446,LESr,Leigh-on-Sea,583041,185673,51.54,0.638
1373,LBZr,Leighton Buzzard,491063,224983,51.916,-0.677
6089,LETr,Letchworth Garden City,521752,232809,51.98,-0.229
1579,LIDr,Lidlington,498968,239137,52.042,-0.558
5369,LFDr,Lingfield,539409,143796,51.176,-0.007
3066,LTKr,Little Kimble,482341,206634,51.752,-0.809
5281,LRBr,London Road (Brighton),531368,105806,50.837,-0.136
5632,LRDr,London Road (Guildford),500247,150057,51.241,-0.565
5674,LNGr,Longcross,497875,166071,51.385,-0.595
5114,LGFr,Longfield,560129,168854,51.396,0.3
1536,LUTr,Luton,509265,221620,51.882,-0.414
5237,MDBr,Maidstone Barracks,575460,156072,51.277,0.514
5115,MDEr,Maidstone East,575876,156190,51.278,0.52
5222,MDWr,Maidstone West,575590,155385,51.271,0.516
5692,MAOr,Martins Heron,488749,168395,51.408,-0.725
7036,MELr,Meldreth,537743,245513,52.091,0.009
5116,MEPr,Meopham,564098,167904,51.386,0.357
1537,MLBr,Millbrook (Bedfordshire),500715,240540,52.054,-0.533
1378,MKCr,Milton Keynes Central,484241,237941,52.033,-0.773
3067,MRSr,Monks Risborough,480939,204778,51.736,-0.829
5238,NHEr,New Hythe,571216,159920,51.313,0.455
7039,NWEr,Newport (Essex),552242,233577,51.98,0.215
5636,NCMr,North Camp,488627,153688,51.275,-0.731
6875,NFAr,North Fambridge,585650,197832,51.649,0.682
5120,NFLr,Northfleet,561602,174440,51.446,0.324
5476,NUFr,Nutfield,530496,149172,51.227,-0.133
5071,OTFr,Otford,553233,159369,51.313,0.197
5602,OXSr,Oxshott,514199,160988,51.337,-0.362
5377,OXTr,Oxted,539368,152811,51.257,-0.004
5224,PDWr,Paddock Wood,567104,145279,51.182,0.39
1561,PKTr,Park Street,514750,204298,51.726,-0.34
5477,PHRr,Penshurst,551930,146473,51.197,0.173
7452,PSEr,Pitsea,573905,187581,51.56,0.507
5285,PRPr,Preston Park,529965,106805,50.846,-0.155
3055,PRRr,Princes Risborough,479947,202673,51.717,-0.844
7419,PRLr,Prittlewell,588027,187013,51.551,0.711
5177,RAIr,Rainham (Kent),581821,166337,51.367,0.611
6884,RLGr,Rayleigh,580222,191046,51.589,0.6
5480,REIr,Reigate,525464,150723,51.242,-0.204
1538,RIDr,Ridgmont,496499,237370,52.026,-0.595
5203,RTRr,Rochester,574790,168159,51.386,0.511
6885,RFDr,Rochford,587313,190435,51.582,0.702
6829,RYNr,Roydon,540489,210500,51.776,0.035
6090,RYSr,Royston,535355,241250,52.053,-0.027
5646,SNDr,Sandhurst,483378,161531,51.347,-0.804
3056,SDRr,Saunderton,481319,198108,51.676,-0.825
6806,SAWr,Sawbridgeworth,549026,215104,51.815,0.161
5124,SEVr,Sevenoaks,552279,155293,51.276,0.182
5638,SFRr,Shalford,500194,147107,51.214,-0.567
7043,SEDr,Shelford,546508,252262,52.149,0.14
5605,SHPr,Shepperton,508155,167581,51.397,-0.447
7044,STHr,Shepreth,539199,248176,52.114,0.031
7455,SRYr,Shoeburyness,593953,185062,51.531,0.795
5074,SEHr,Shoreham (Kent),552577,161433,51.332,0.189
5189,SDAr,Snodland,570668,161881,51.33,0.448
5126,SORr,Sole Street,565551,167600,51.383,0.378
6892,SOFr,South Woodham Ferrers,580388,197729,51.649,0.606
4787,SIAr,Southend Airport,587570,188834,51.567,0.705
7456,SOCr,Southend Central,588199,185479,51.537,0.712
7457,SOEr,Southend East,589489,185755,51.539,0.731
7420,SOVr,Southend Victoria,588126,186073,51.542,0.712
6890,SMNr,Southminster,596201,199562,51.661,0.835
1562,SAAr,St Albans Abbey,514544,206391,51.745,-0.342
5670,SNSr,Staines,504181,171431,51.432,-0.503
7458,SFOr,Stanford-le-Hope,568222,182230,51.514,0.423
6834,SSDr,Stansted Airport,555675,223497,51.888,0.261
6833,SSTr,Stansted Mountfitchet,551395,224802,51.901,0.199
6092,SVGr,Stevenage,523459,224064,51.901,-0.207
1386,SWRr,Stewartby,501502,242243,52.069,-0.521
1467,SKMr,Stoke Mandeville,483970,210576,51.788,-0.784
5248,SCGr,Stone Crossing,557359,174922,51.451,0.263
5191,SOOr,Strood,574025,169354,51.397,0.5
5608,SUUr,Sunbury,510145,169997,51.418,-0.417
5671,SNGr,Sunningdale,495187,166788,51.392,-0.633
5675,SNYr,Sunnymeads,500194,175532,51.47,-0.559
5156,SWMr,Swanscombe,560410,174800,51.449,0.307
7460,TPBr,Thorpe Bay,591647,185697,51.538,0.762
5491,TBDr,Three Bridges,528804,136924,51.117,-0.161
7462,TILr,Tilbury Town,563639,176324,51.462,0.354
5229,TONr,Tonbridge,558697,146048,51.192,0.27
1393,TRIr,Tring,495115,212195,51.8,-0.622
5230,TBWr,Tunbridge Wells,558443,139175,51.13,0.263
5334,UCKr,Uckfield,547330,120911,50.969,0.097
5613,UPHr,Upper Halliford,509218,169404,51.413,-0.431
5676,VIRr,Virginia Water,500121,167888,51.401,-0.562
5575,WALr,Walton-on-Thames,510462,164941,51.373,-0.414
5639,WANr,Wanborough,493129,150339,51.245,-0.667
5241,WTRr,Wateringbury,569149,152835,51.25,0.422
1403,WFNr,Watford North,511403,198596,51.675,-0.39
6095,WASr,Watton-at-Stone,529607,219221,51.857,-0.119
6096,WLWr,Welwyn North,524692,215444,51.824,-0.192
1466,WNDr,Wendover,486540,207739,51.762,-0.747
5684,WBYr,West Byfleet,504204,161105,51.339,-0.505
7466,WHRr,West Horndon,562326,188038,51.568,0.341
5129,WMAr,West Malling,568721,157567,51.292,0.418
7476,WCFr,Westcliff,586764,185490,51.537,0.692
5577,WYBr,Weybridge,507539,163642,51.362,-0.457
7047,WLFr,Whittlesford Parkway,548424,247212,52.103,0.166
6891,WICr,Wickford,574705,193595,51.614,0.522
5672,WNRr,Windsor & Eton Riverside,496873,177236,51.486,-0.606
5697,WNSr,Winnersh,478115,170782,51.431,-0.878
5698,WTIr,Winnersh Triangle,477136,171439,51.437,-0.892
6844,WTMr,Witham,582062,215205,51.806,0.639
5341,WVFr,Wivelsfield,532045,119957,50.964,-0.121
1539,WOBr,Woburn Sands,492424,236373,52.018,-0.655
5685,WOKr,Woking,501430,159225,51.323,-0.546
5696,WKMr,Wokingham,480589,168658,51.411,-0.843
5440,WOHr,Woldingham,535959,156299,51.29,-0.052
5686,WPLr,Worplesdon,498949,155250,51.288,-0.582
5673,WRYr,Wraysbury,501379,174239,51.458,-0.542
5232,YALr,Yalding,568527,150267,51.227,0.412
